row,col,target,local_estimate,local_error,global_estimate,global_error
mode21_x,mode21_x,1.05,1.041494037044298,-0.008505962955702051,1.0630431260260553,0.013043126026055285
mode21_x,mode21_p,-0.5,-0.4933624382755452,0.006637561724454788,-0.5037717420539001,-0.0037717420539000734
mode21_x,mode22_x,0.0,0.0,0.0,0.0,0.0
mode21_x,mode22_p,0.0,-0.0,-0.0,0.0,0.0
mode21_x,mode23_x,0.0,-0.0,-0.0,-0.0,-0.0
mode21_x,mode23_p,0.0,-0.0,-0.0,-0.0,-0.0
mode21_x,mode24_x,0.0,0.0,0.0,0.0,0.0
mode21_x,mode24_p,0.0,-0.0,-0.0,-0.0,-0.0
mode21_x,mode25_x,0.0,0.0,0.0,0.0,0.0
mode21_x,mode25_p,0.0,0.0,0.0,0.0,0.0
mode21_p,mode21_x,-0.5,-0.4933624382755452,0.006637561724454788,-0.5037717420539001,-0.0037717420539000734
mode21_p,mode21_p,1.05,1.038897598459895,-0.011102401540105111,1.0603589258974253,0.010358925897425264
mode21_p,mode22_x,-0.5,-0.4936444272247646,0.006355572775235407,-0.5052825296229306,-0.005282529622930632
mode21_p,mode22_p,0.0,-0.0,-0.0,-0.0,-0.0
mode21_p,mode23_x,0.0,0.0,0.0,0.0,0.0
mode21_p,mode23_p,0.0,-0.0,-0.0,-0.0,-0.0
mode21_p,mode24_x,0.0,-0.0,-0.0,-0.0,-0.0
mode21_p,mode24_p,0.0,0.0,0.0,0.0,0.0
mode21_p,mode25_x,0.0,-0.0,-0.0,-0.0,-0.0
mode21_p,mode25_p,0.0,0.0,0.0,0.0,0.0
mode22_x,mode21_x,0.0,0.0,0.0,0.0,0.0
mode22_x,mode21_p,-0.5,-0.4936444272247646,0.006355572775235407,-0.5052825296229306,-0.005282529622930632
mode22_x,mode22_x,1.05,1.0534017652572683,0.0034017652572682078,1.073317571154997,0.023317571154996886
mode22_x,mode22_p,-0.5,-0.5052041944583312,-0.005204194458331202,-0.5139160601483037,-0.01391606014830371
mode22_x,mode23_x,0.0,-0.0,-0.0,-0.0,-0.0
mode22_x,mode23_p,0.0,0.0,0.0,0.0,0.0
mode22_x,mode24_x,0.0,0.0,0.0,0.0,0.0
mode22_x,mode24_p,0.0,-0.0,-0.0,-0.0,-0.0
mode22_x,mode25_x,0.0,0.0,0.0,0.0,0.0
mode22_x,mode25_p,0.0,-0.0,-0.0,-0.0,-0.0
mode22_p,mode21_x,0.0,-0.0,-0.0,0.0,0.0
mode22_p,mode21_p,0.0,-0.0,-0.0,-0.0,-0.0
mode22_p,mode22_x,-0.5,-0.5052041944583312,-0.005204194458331202,-0.5139160601483037,-0.01391606014830371
mode22_p,mode22_p,1.05,1.0809490858752537,0.03094908587525369,1.1027229725584702,0.05272297255847014
mode22_p,mode23_x,-0.5,-0.5179257711816184,-0.017925771181618422,-0.5315609845541822,-0.031560984554182214
mode22_p,mode23_p,0.0,-0.0,-0.0,-0.0,-0.0
mode22_p,mode24_x,0.0,0.0,0.0,0.0,0.0
mode22_p,mode24_p,0.0,0.0,0.0,0.0,0.0
mode22_p,mode25_x,0.0,-0.0,-0.0,-0.0,-0.0
mode22_p,mode25_p,0.0,0.0,0.0,0.0,0.0
mode23_x,mode21_x,0.0,-0.0,-0.0,-0.0,-0.0
mode23_x,mode21_p,0.0,0.0,0.0,0.0,0.0
mode23_x,mode22_x,0.0,-0.0,-0.0,-0.0,-0.0
mode23_x,mode22_p,-0.5,-0.5179257711816184,-0.017925771181618422,-0.5315609845541822,-0.031560984554182214
mode23_x,mode23_x,1.05,1.06425491730181,0.014254917301810055,1.0867860487146332,0.0367860487146332
mode23_x,mode23_p,-0.5,-0.49207150040073744,0.007928499599262562,-0.5017939375425831,-0.0017939375425830573
mode23_x,mode24_x,0.0,-0.0,-0.0,-0.0,-0.0
mode23_x,mode24_p,0.0,-0.0,-0.0,0.0,0.0
mode23_x,mode25_x,0.0,-0.0,-0.0,-0.0,-0.0
mode23_x,mode25_p,0.0,0.0,0.0,0.0,0.0
mode23_p,mode21_x,0.0,-0.0,-0.0,-0.0,-0.0
mode23_p,mode21_p,0.0,-0.0,-0.0,-0.0,-0.0
mode23_p,mode22_x,0.0,0.0,0.0,0.0,0.0
mode23_p,mode22_p,0.0,-0.0,-0.0,-0.0,-0.0
mode23_p,mode23_x,-0.5,-0.49207150040073744,0.007928499599262562,-0.5017939375425831,-0.0017939375425830573
mode23_p,mode23_p,1.05,1.0512534521252443,0.0012534521252443032,1.0732816377026058,0.023281637702605718
mode23_p,mode24_x,-0.5,-0.4984927858277642,0.0015072141722358157,-0.5121836983509848,-0.012183698350984762
mode23_p,mode24_p,0.0,-0.0,-0.0,-0.0,-0.0
mode23_p,mode25_x,0.0,-0.0,-0.0,0.0,0.0
mode23_p,mode25_p,0.0,-0.0,-0.0,-0.0,-0.0
mode24_x,mode21_x,0.0,0.0,0.0,0.0,0.0
mode24_x,mode21_p,0.0,-0.0,-0.0,-0.0,-0.0
mode24_x,mode22_x,0.0,0.0,0.0,0.0,0.0
mode24_x,mode22_p,0.0,0.0,0.0,0.0,0.0
mode24_x,mode23_x,0.0,-0.0,-0.0,-0.0,-0.0
mode24_x,mode23_p,-0.5,-0.4984927858277642,0.0015072141722358157,-0.5121836983509848,-0.012183698350984762
mode24_x,mode24_x,1.05,1.0506323567077755,0.0006323567077755055,1.073943901487831,0.023943901487830876
mode24_x,mode24_p,-0.5,-0.5013371639400912,-0.0013371639400912017,-0.5133098898252867,-0.013309889825286692
mode24_x,mode25_x,0.0,0.0,0.0,0.0,0.0
mode24_x,mode25_p,0.0,-0.0,-0.0,0.0,0.0
mode24_p,mode21_x,0.0,-0.0,-0.0,-0.0,-0.0
mode24_p,mode21_p,0.0,0.0,0.0,0.0,0.0
mode24_p,mode22_x,0.0,-0.0,-0.0,-0.0,-0.0
mode24_p,mode22_p,0.0,0.0,0.0,0.0,0.0
mode24_p,mode23_x,0.0,-0.0,-0.0,0.0,0.0
mode24_p,mode23_p,0.0,-0.0,-0.0,-0.0,-0.0
mode24_p,mode24_x,-0.5,-0.5013371639400912,-0.0013371639400912017,-0.5133098898252867,-0.013309889825286692
mode24_p,mode24_p,1.05,1.0457937813057403,-0.004206218694259745,1.0702913132169032,0.02029131321690314
mode24_p,mode25_x,-0.5,-0.49017539742790517,0.009824602572094832,-0.505187286225816,-0.00518728622581599
mode24_p,mode25_p,0.0,-0.0,-0.0,-0.0,-0.0
mode25_x,mode21_x,0.0,0.0,0.0,0.0,0.0
mode25_x,mode21_p,0.0,-0.0,-0.0,-0.0,-0.0
mode25_x,mode22_x,0.0,0.0,0.0,0.0,0.0
mode25_x,mode22_p,0.0,-0.0,-0.0,-0.0,-0.0
mode25_x,mode23_x,0.0,-0.0,-0.0,-0.0,-0.0
mode25_x,mode23_p,0.0,-0.0,-0.0,0.0,0.0
mode25_x,mode24_x,0.0,0.0,0.0,0.0,0.0
mode25_x,mode24_p,-0.5,-0.49017539742790517,0.009824602572094832,-0.505187286225816,-0.00518728622581599
mode25_x,mode25_x,1.05,1.0359994552071192,-0.01400054479288082,1.0556766824656343,0.005676682465634242
mode25_x,mode25_p,-0.5,-0.48994715548236134,0.01005284451763866,-0.499413469554547,0.0005865304454529818
mode25_p,mode21_x,0.0,0.0,0.0,0.0,0.0
mode25_p,mode21_p,0.0,0.0,0.0,0.0,0.0
mode25_p,mode22_x,0.0,-0.0,-0.0,-0.0,-0.0
mode25_p,mode22_p,0.0,0.0,0.0,0.0,0.0
mode25_p,mode23_x,0.0,0.0,0.0,0.0,0.0
mode25_p,mode23_p,0.0,-0.0,-0.0,-0.0,-0.0
mode25_p,mode24_x,0.0,-0.0,-0.0,0.0,0.0
mode25_p,mode24_p,0.0,-0.0,-0.0,-0.0,-0.0
mode25_p,mode25_x,-0.5,-0.48994715548236134,0.01005284451763866,-0.499413469554547,0.0005865304454529818
mode25_p,mode25_p,1.05,1.0429878736110507,-0.007012126388949325,1.0624465049599436,0.012446504959943594
