condition,c,row,col,target,local_estimate,local_error,global_estimate,global_error
well,0.1,1x,1x,1.05,1.0448865570869388,-0.005113442913061261,1.0624091136730272,0.012409113673027106
well,0.1,1x,1p,-0.5,-0.5068536055222852,-0.0068536055222852,-0.51686540538687,-0.01686540538686998
well,0.1,1x,2x,0.0,0.0,0.0,-0.0,-0.0
well,0.1,1x,2p,0.0,0.0,0.0,0.0,0.0
well,0.1,1x,3x,0.0,0.0,0.0,0.0,0.0
well,0.1,1x,3p,0.0,-0.0,-0.0,-0.0,-0.0
well,0.1,1x,4x,0.0,0.0,0.0,0.0,0.0
well,0.1,1x,4p,0.0,0.0,0.0,0.0,0.0
well,0.1,1x,5x,0.0,-0.0,-0.0,-0.0,-0.0
well,0.1,1x,5p,0.0,0.0,0.0,0.0,0.0
well,0.1,1p,1x,-0.5,-0.5068536055222852,-0.0068536055222852,-0.51686540538687,-0.01686540538686998
well,0.1,1p,1p,1.05,1.0635017643484046,0.013501764348404555,1.087082721987421,0.03708272198742102
well,0.1,1p,2x,-0.5,-0.505507467820549,-0.005507467820549006,-0.5217902617923287,-0.02179026179232868
well,0.1,1p,2p,0.0,-0.0,-0.0,-0.0,-0.0
well,0.1,1p,3x,0.0,-0.0,-0.0,0.0,0.0
well,0.1,1p,3p,0.0,0.0,0.0,0.0,0.0
well,0.1,1p,4x,0.0,-0.0,-0.0,-0.0,-0.0
well,0.1,1p,4p,0.0,-0.0,-0.0,-0.0,-0.0
well,0.1,1p,5x,0.0,0.0,0.0,0.0,0.0
well,0.1,1p,5p,0.0,-0.0,-0.0,-0.0,-0.0
well,0.1,2x,1x,0.0,0.0,0.0,-0.0,-0.0
well,0.1,2x,1p,-0.5,-0.505507467820549,-0.005507467820549006,-0.5217902617923287,-0.02179026179232868
well,0.1,2x,2x,1.05,1.0573064489778297,0.007306448977829616,1.0834446970958809,0.033444697095880827
well,0.1,2x,2p,-0.5,-0.4924218459545924,0.007578154045407626,-0.5034291531280962,-0.0034291531280962184
well,0.1,2x,3x,0.0,-0.0,-0.0,-0.0,-0.0
well,0.1,2x,3p,0.0,-0.0,-0.0,0.0,0.0
well,0.1,2x,4x,0.0,0.0,0.0,0.0,0.0
well,0.1,2x,4p,0.0,-0.0,-0.0,-0.0,-0.0
well,0.1,2x,5x,0.0,-0.0,-0.0,-0.0,-0.0
well,0.1,2x,5p,0.0,0.0,0.0,0.0,0.0
well,0.1,2p,1x,0.0,0.0,0.0,0.0,0.0
well,0.1,2p,1p,0.0,-0.0,-0.0,-0.0,-0.0
well,0.1,2p,2x,-0.5,-0.4924218459545924,0.007578154045407626,-0.5034291531280962,-0.0034291531280962184
well,0.1,2p,2p,1.05,1.0369063482469263,-0.013093651753073754,1.0601572271628306,0.010157227162830518
well,0.1,2p,3x,-0.5,-0.489088334395267,0.010911665604733,-0.5011121008495152,-0.0011121008495151852
well,0.1,2p,3p,0.0,-0.0,-0.0,-0.0,-0.0
well,0.1,2p,4x,0.0,0.0,0.0,0.0,0.0
well,0.1,2p,4p,0.0,0.0,0.0,0.0,0.0
well,0.1,2p,5x,0.0,-0.0,-0.0,0.0,0.0
well,0.1,2p,5p,0.0,-0.0,-0.0,-0.0,-0.0
well,0.1,3x,1x,0.0,0.0,0.0,0.0,0.0
well,0.1,3x,1p,0.0,-0.0,-0.0,0.0,0.0
well,0.1,3x,2x,0.0,-0.0,-0.0,-0.0,-0.0
well,0.1,3x,2p,-0.5,-0.489088334395267,0.010911665604733,-0.5011121008495152,-0.0011121008495151852
well,0.1,3x,3x,1.05,1.0522382962933325,0.002238296293332498,1.0729382251401471,0.022938225140147095
well,0.1,3x,3p,-0.5,-0.5030452785458394,-0.0030452785458393583,-0.5114928014976393,-0.011492801497639316
well,0.1,3x,4x,0.0,0.0,0.0,0.0,0.0
well,0.1,3x,4p,0.0,-0.0,-0.0,-0.0,-0.0
well,0.1,3x,5x,0.0,-0.0,-0.0,-0.0,-0.0
well,0.1,3x,5p,0.0,0.0,0.0,0.0,0.0
well,0.1,3p,1x,0.0,-0.0,-0.0,-0.0,-0.0
well,0.1,3p,1p,0.0,0.0,0.0,0.0,0.0
well,0.1,3p,2x,0.0,-0.0,-0.0,0.0,0.0
well,0.1,3p,2p,0.0,-0.0,-0.0,-0.0,-0.0
well,0.1,3p,3x,-0.5,-0.5030452785458394,-0.0030452785458393583,-0.5114928014976393,-0.011492801497639316
well,0.1,3p,3p,1.05,1.0504040727752622,0.00040407277526210983,1.0706119924670539,0.020611992467053808
well,0.1,3p,4x,-0.5,-0.4969166635359281,0.003083336464071884,-0.506279393774786,-0.006279393774786035
well,0.1,3p,4p,0.0,-0.0,-0.0,-0.0,-0.0
well,0.1,3p,5x,0.0,0.0,0.0,0.0,0.0
well,0.1,3p,5p,0.0,-0.0,-0.0,-0.0,-0.0
well,0.1,4x,1x,0.0,0.0,0.0,0.0,0.0
well,0.1,4x,1p,0.0,-0.0,-0.0,-0.0,-0.0
well,0.1,4x,2x,0.0,0.0,0.0,0.0,0.0
well,0.1,4x,2p,0.0,0.0,0.0,0.0,0.0
well,0.1,4x,3x,0.0,0.0,0.0,0.0,0.0
well,0.1,4x,3p,-0.5,-0.4969166635359281,0.003083336464071884,-0.506279393774786,-0.006279393774786035
well,0.1,4x,4x,1.05,1.0332954399867817,-0.016704560013218295,1.0524629874747542,0.0024629874747541525
well,0.1,4x,4p,-0.5,-0.49294044729967273,0.007059552700327265,-0.5015490824011894,-0.00154908240118945
well,0.1,4x,5x,0.0,0.0,0.0,-0.0,-0.0
well,0.1,4x,5p,0.0,0.0,0.0,0.0,0.0
well,0.1,4p,1x,0.0,0.0,0.0,0.0,0.0
well,0.1,4p,1p,0.0,-0.0,-0.0,-0.0,-0.0
well,0.1,4p,2x,0.0,-0.0,-0.0,-0.0,-0.0
well,0.1,4p,2p,0.0,0.0,0.0,0.0,0.0
well,0.1,4p,3x,0.0,-0.0,-0.0,-0.0,-0.0
well,0.1,4p,3p,0.0,-0.0,-0.0,-0.0,-0.0
well,0.1,4p,4x,-0.5,-0.49294044729967273,0.007059552700327265,-0.5015490824011894,-0.00154908240118945
well,0.1,4p,4p,1.05,1.0493664325924899,-0.0006335674075101938,1.070059808699904,0.02005980869990398
well,0.1,4p,5x,-0.5,-0.5012524798574611,-0.0012524798574611307,-0.5122483366080335,-0.012248336608033483
well,0.1,4p,5p,0.0,-0.0,-0.0,-0.0,-0.0
well,0.1,5x,1x,0.0,-0.0,-0.0,-0.0,-0.0
well,0.1,5x,1p,0.0,0.0,0.0,0.0,0.0
well,0.1,5x,2x,0.0,-0.0,-0.0,-0.0,-0.0
well,0.1,5x,2p,0.0,-0.0,-0.0,0.0,0.0
well,0.1,5x,3x,0.0,-0.0,-0.0,-0.0,-0.0
well,0.1,5x,3p,0.0,0.0,0.0,0.0,0.0
well,0.1,5x,4x,0.0,0.0,0.0,-0.0,-0.0
well,0.1,5x,4p,-0.5,-0.5012524798574611,-0.0012524798574611307,-0.5122483366080335,-0.012248336608033483
well,0.1,5x,5x,1.05,1.046732611428658,-0.0032673885713421225,1.067269605758978,0.017269605758977846
well,0.1,5x,5p,-0.5,-0.4991401469563429,0.0008598530436570995,-0.5080927911535478,-0.008092791153547774
well,0.1,5p,1x,0.0,0.0,0.0,0.0,0.0
well,0.1,5p,1p,0.0,-0.0,-0.0,-0.0,-0.0
well,0.1,5p,2x,0.0,0.0,0.0,0.0,0.0
well,0.1,5p,2p,0.0,-0.0,-0.0,-0.0,-0.0
well,0.1,5p,3x,0.0,0.0,0.0,0.0,0.0
well,0.1,5p,3p,0.0,-0.0,-0.0,-0.0,-0.0
well,0.1,5p,4x,0.0,0.0,0.0,0.0,0.0
well,0.1,5p,4p,0.0,-0.0,-0.0,-0.0,-0.0
well,0.1,5p,5x,-0.5,-0.4991401469563429,0.0008598530436570995,-0.5080927911535478,-0.008092791153547774
well,0.1,5p,5p,1.05,1.0800328543738609,0.03003285437386083,1.103924740573036,0.05392474057303587
